Drop Location,Total_Bookings,Completed_Bookings,Cancelled_Bookings,Revenue,Completion_Rate,Cancellation_Rate
Ashram,936,592,232,285391.0,63.25,24.79
Basai Dhankot,917,544,258,271795.0,59.32,28.14
Lok Kalyan Marg,916,560,234,292900.0,61.14,25.55
Narsinghpur,913,574,223,325331.0,62.87,24.42
Cyber Hub,912,571,218,276185.0,62.61,23.9
Kalkaji,912,543,239,269667.0,59.54,26.21
Kashmere Gate ISBT,909,570,220,273398.0,62.71,24.2
Udyog Vihar,906,564,233,280810.0,62.25,25.72
Lajpat Nagar,904,572,215,298564.0,63.27,23.78
Madipur,902,562,210,266012.0,62.31,23.28
Nehru Place,902,552,238,271898.0,61.2,26.39
Shastri Nagar,901,546,238,278170.0,60.6,26.42
Punjabi Bagh,901,561,233,292034.0,62.26,25.86
Moolchand,899,536,239,277727.0,59.62,26.59
Sarai Kale Khan,896,573,212,297659.0,63.95,23.66
Gurgaon Sector 56,894,546,239,279487.0,61.07,26.73
Hauz Khas,892,544,238,286380.0,60.99,26.68
Gurgaon Railway Station,891,550,231,281224.0,61.73,25.93
New Colony,890,548,222,277234.0,61.57,24.94
South Extension,887,555,209,270017.0,62.57,23.56
Paharganj,887,536,244,272281.0,60.43,27.51
Uttam Nagar,883,534,240,271420.0,60.48,27.18
Preet Vihar,882,589,193,272672.0,66.78,21.88
Samaypur Badli,881,550,206,289969.0,62.43,23.38
Dilshad Garden,879,560,212,276058.0,63.71,24.12
Gwal Pahari,878,558,209,294219.0,63.55,23.8
Ghaziabad,878,516,241,283548.0,58.77,27.45
Sultanpur,877,584,199,299292.0,66.59,22.69
Ghitorni,877,534,220,272403.0,60.89,25.09
Chirag Delhi,876,541,208,288349.0,61.76,23.74
DLF Phase 3,876,549,205,273435.0,62.67,23.4
Greater Noida,875,558,201,278284.0,63.77,22.97
Rohini,875,544,228,277551.0,62.17,26.06
Ardee City,875,532,248,278396.0,60.8,28.34
Bahadurgarh,875,540,233,260155.0,61.71,26.63
Khan Market,874,555,205,285822.0,63.5,23.46
Sushant Lok,873,532,218,282336.0,60.94,24.97
Chhatarpur,873,514,242,248864.0,58.88,27.72
Peeragarhi,873,545,217,274585.0,62.43,24.86
Nawada,872,540,233,271692.0,61.93,26.72
Jama Masjid,872,540,206,268377.0,61.93,23.62
Udyog Vihar Phase 4,872,531,223,254362.0,60.89,25.57
Botanical Garden,871,545,217,263778.0,62.57,24.91
Sikanderpur,871,531,208,268156.0,60.96,23.88
Tis Hazari,870,553,198,275863.0,63.56,22.76
Tilak Nagar,870,536,214,260540.0,61.61,24.6
Mandi House,869,539,217,264008.0,62.03,24.97
Rohini East,869,534,232,267696.0,61.45,26.7
Vaishali,869,553,202,290410.0,63.64,23.25
Vidhan Sabha,868,539,231,267076.0,62.1,26.61
Khandsa,867,512,233,263649.0,59.05,26.87
Noida Film City,867,521,211,273626.0,60.09,24.34
India Gate,867,556,202,266811.0,64.13,23.3
Mayur Vihar,867,569,192,301869.0,65.63,22.15
Dwarka Mor,867,574,193,279758.0,66.21,22.26
Sarojini Nagar,866,551,189,298015.0,63.63,21.82
RK Puram,866,497,232,263035.0,57.39,26.79
Noida Sector 18,866,538,221,270649.0,62.12,25.52
Noida Extension,866,579,191,296588.0,66.86,22.06
Manesar,864,542,214,276645.0,62.73,24.77
Faridabad Sector 15,864,551,213,281311.0,63.77,24.65
Rajiv Chowk,864,540,210,280836.0,62.5,24.31
GTB Nagar,861,504,234,260325.0,58.54,27.18
Sohna Road,861,532,215,276198.0,61.79,24.97
Subhash Nagar,861,529,208,276151.0,61.44,24.16
Ashok Park Main,861,522,221,273074.0,60.63,25.67
Kanhaiya Nagar,859,540,199,272181.0,62.86,23.17
Kaushambi,859,518,220,267053.0,60.3,25.61
Pitampura,859,536,201,277901.0,62.4,23.4
Janakpuri,859,535,219,281729.0,62.28,25.49
Arjangarh,857,550,197,282593.0,64.18,22.99
Netaji Subhash Place,857,532,200,277160.0,62.08,23.34
Rithala,856,544,218,284612.0,63.55,25.47
Akshardham,856,553,197,280184.0,64.6,23.01
Model Town,856,532,206,268661.0,62.15,24.07
Munirka,856,542,205,277722.0,63.32,23.95
Dwarka Sector 21,856,529,213,260431.0,61.8,24.88
Karkarduma,856,520,232,261307.0,60.75,27.1
IIT Delhi,856,537,203,279747.0,62.73,23.71
Shahdara,855,535,218,268374.0,62.57,25.5
Delhi Gate,855,534,213,255891.0,62.46,24.91
Jhilmil,855,539,220,283009.0,63.04,25.73
Bhikaji Cama Place,853,495,244,250545.0,58.03,28.6
ITO,853,529,213,257933.0,62.02,24.97
Paschim Vihar,853,543,218,290454.0,63.66,25.56
Old Gurgaon,851,534,208,263129.0,62.75,24.44
Panchsheel Park,851,545,178,280132.0,64.04,20.92
Ashok Vihar,851,536,207,271219.0,62.98,24.32
AIIMS,850,510,231,258990.0,60.0,27.18
Kashmere Gate,850,531,205,276474.0,62.47,24.12
INA Market,850,543,205,284904.0,63.88,24.12
Vinobapuri,849,508,228,251945.0,59.84,26.86
Indraprastha,849,536,217,275472.0,63.13,25.56
Rajiv Nagar,849,531,205,271151.0,62.54,24.15
Raj Nagar Extension,848,546,214,274634.0,64.39,25.24
Moti Nagar,848,532,214,289183.0,62.74,25.24
Tagore Garden,848,542,197,290954.0,63.92,23.23
Welcome,848,539,197,274383.0,63.56,23.23
Nirman Vihar,848,528,217,265715.0,62.26,25.59
Laxmi Nagar,847,523,211,267713.0,61.75,24.91
New Delhi Railway Station,847,503,221,261789.0,59.39,26.09
IGNOU Road,847,538,188,267281.0,63.52,22.2
Chandni Chowk,847,524,210,278141.0,61.87,24.79
Vishwavidyalaya,846,536,205,278346.0,63.36,24.23
Connaught Place,846,495,232,254278.0,58.51,27.42
Adarsh Nagar,845,542,191,267124.0,64.14,22.6
Greater Kailash,845,519,211,269703.0,61.42,24.97
Saket,845,530,188,256515.0,62.72,22.25
Meerut,845,524,222,264723.0,62.01,26.27
Palam Vihar,845,516,210,286169.0,61.07,24.85
Saidulajab,844,526,207,268501.0,62.32,24.53
Mansarovar Park,844,523,215,279213.0,61.97,25.47
Azadpur,843,510,217,263479.0,60.5,25.74
Rajouri Garden,842,518,224,277505.0,61.52,26.6
Rohini West,841,512,207,257863.0,60.88,24.61
Vatika Chowk,841,532,209,277583.0,63.26,24.85
Pataudi Chowk,841,516,214,266215.0,61.36,25.45
Yamuna Bank,841,534,200,272926.0,63.5,23.78
Noida Sector 62,841,518,204,269352.0,61.59,24.26
Indirapuram,841,506,215,261594.0,60.17,25.56
Kherki Daula Toll,841,501,220,251303.0,59.57,26.16
Keshav Puram,839,497,241,230989.0,59.24,28.72
Qutub Minar,838,525,191,271839.0,62.65,22.79
Saket A Block,838,527,214,270337.0,62.89,25.54
Jahangirpuri,838,508,212,266011.0,60.62,25.3
IMT Manesar,838,513,208,264731.0,61.22,24.82
DLF City Court,837,525,216,262974.0,62.72,25.81
Govindpuri,837,492,232,259394.0,58.78,27.72
Panipat,836,538,195,264442.0,64.35,23.33
Ambience Mall,836,520,207,277033.0,62.2,24.76
Jasola,836,512,201,252977.0,61.24,24.04
Shastri Park,836,512,221,260372.0,61.24,26.44
Inderlok,835,522,208,258794.0,62.51,24.91
Mehrauli,832,514,209,258591.0,61.78,25.12
Lal Quila,832,553,193,282955.0,66.47,23.2
Hero Honda Chowk,831,533,202,280730.0,64.14,24.31
Jor Bagh,831,538,191,265669.0,64.74,22.98
Kadarpur,831,512,216,252557.0,61.61,25.99
Karol Bagh,830,521,201,266570.0,62.77,24.22
Anand Vihar,830,502,230,255541.0,60.48,27.71
Malviya Nagar,829,523,207,281498.0,63.09,24.97
Satguru Ram Singh Marg,829,512,214,251866.0,61.76,25.81
Udyog Bhawan,829,513,219,258377.0,61.88,26.42
IGI Airport,828,497,223,247007.0,60.02,26.93
Hauz Rani,828,519,206,272413.0,62.68,24.88
Gurgaon Sector 29,827,479,247,239623.0,57.92,29.87
Kirti Nagar,827,503,216,237579.0,60.82,26.12
Central Secretariat,826,493,222,258142.0,59.69,26.88
Maidan Garhi,826,516,208,271529.0,62.47,25.18
Pulbangash,826,539,186,289436.0,65.25,22.52
Badarpur,824,528,176,256476.0,64.08,21.36
Green Park,824,491,216,244919.0,59.59,26.21
Ramesh Nagar,820,513,189,242809.0,62.56,23.05
Mundka,819,508,193,248877.0,62.03,23.57
Sonipat,817,499,210,270039.0,61.08,25.7
Tughlakabad,817,489,199,241809.0,59.85,24.36
Patel Chowk,816,509,209,256675.0,62.38,25.61
Aya Nagar,815,524,194,255079.0,64.29,23.8
Badshahpur,815,478,219,228264.0,58.65,26.87
Ghitorni Village,815,499,194,252932.0,61.23,23.8
Barakhamba Road,815,502,210,239916.0,61.6,25.77
Subhash Chowk,815,500,210,244887.0,61.35,25.77
Sadar Bazar Gurgaon,813,507,206,242132.0,62.36,25.34
Golf Course Road,808,503,194,251161.0,62.25,24.01
Civil Lines Gurgaon,808,499,206,242396.0,61.76,25.5
Chanakyapuri,804,493,191,251521.0,61.32,23.76
Pragati Maidan,803,489,197,260345.0,60.9,24.53
Okhla,802,492,213,250970.0,61.35,26.56
Vasant Kunj,802,464,253,239165.0,57.86,31.55
IFFCO Chowk,801,495,184,269350.0,61.8,22.97
Seelampur,800,501,193,241926.0,62.62,24.12
MG Road,799,480,220,237985.0,60.08,27.53
Bhiwadi,792,484,202,249198.0,61.11,25.51
Shivaji Park,786,480,196,227852.0,61.07,24.94
Anand Vihar ISBT,784,504,197,257022.0,64.29,25.13
Huda City Centre,774,469,203,221785.0,60.59,26.23
