,count,mean,std,min,25%,50%,75%,max
Avg VTAT,139500.0,8.456351971326166,3.773563826409567,2.0,5.3,8.3,11.3,20.0
Avg CTAT,102000.0,29.149636274509803,8.902577244373289,10.0,21.6,28.8,36.8,45.0
Cancelled Rides by Customer,10500.0,1.0,0.0,1.0,1.0,1.0,1.0,1.0
Cancelled Rides by Driver,27000.0,1.0,0.0,1.0,1.0,1.0,1.0,1.0
Incomplete Rides,9000.0,1.0,0.0,1.0,1.0,1.0,1.0,1.0
Booking Value,102000.0,508.29591176470586,395.8057740380037,50.0,234.0,414.0,689.0,4277.0
Ride Distance,102000.0,24.63701166666667,14.002138317198431,1.0,12.46,23.72,36.82,50.0
Driver Ratings,93000.0,4.23099247311828,0.4368714686526258,3.0,4.1,4.3,4.6,5.0
Customer Rating,93000.0,4.404583870967742,0.43781873281871037,3.0,4.2,4.5,4.8,5.0
